{"cameraMode":{"drawMode":0,"name":"Shaded","section":"Shading Mode"},"sceneLighting":false,"audioPlay":false,"sceneViewState":{"m_AlwaysRefresh":false,"showFog":true,"showSkybox":false,"showFlares":true,"showImageEffects":true,"showParticleSystems":true,"showVisualEffectGraphs":true,"m_FxEnabled":false},"in2DMode":false,"pivot":{"x":0.46070921421051028,"y":0.12045550346374512,"z":0.8095521926879883},"rotation":{"x":-0.24176712334156037,"y":-0.2963423728942871,"z":0.07787702977657318,"w":-0.9207121133804321},"size":4.298008441925049,"orthographic":false}